Pressure Zone,MNF,Industrial Usage
P_MINCHINBURY_EL,126.09941325379222,1.0
P_BERKELEY_RED_15,23.248422528628172,0.880569025
